{
  "LSTM": {
    "loss": 0.7191824913024902,
    "accuracy": 0.375,
    "auc": 0.19999998807907104
  },
  "CNN": {
    "loss": 0.7686731815338135,
    "accuracy": 0.375,
    "auc": 0.4333333373069763
  },
  "Transformer": {
    "loss": 0.8531070947647095,
    "accuracy": 0.375,
    "auc": 0.4333333373069763
  }
}